,pair,s_amount_s_fx,received_volume_act,weighted_rate
0,"('RWF', 'UGX')",2380206810.0,6110121829.7891245,2.5670550156056082
1,"('USD', 'NGN')",209798699.1017715,311129829288.8645,1482.9921759330746
2,"('USD', 'RWF')",119761940.8036396,179893132397.53192,1502.089321452153
