,standard_pair,trx_fx,s_amount_usd,weighted_rate
0,USDUGX,6.1088417100034024e+16,16016135676911.566,3814.179545700119
1,USDNGN,2431186768146805.5,1627834030292.3782,1493.5102245713192
2,USDRWF,2795664079918257.5,1869618587216.552,1495.312519373474
3,RWFUGX,30743753492183.1,11833262234148.1,2.598079285648182
